<metadata xml:lang="en"><Esri><CreaDate>20210524</CreaDate><CreaTime>16524500</CreaTime><ArcGISFormat>1.0</ArcGISFormat><ArcGISstyle>ISO 19139 Metadata Implementation Specification</ArcGISstyle><SyncOnce>FALSE</SyncOnce><DataProperties><itemProps><itemName Sync="TRUE">all_ca_not_exempt</itemName><imsContentType Sync="TRUE">002</imsContentType><itemSize Sync="TRUE">7.268</itemSize><itemLocation><linkage Sync="TRUE">file://\\LAPTOP-D5JRUEN7\C$\Users\Lauren Mabe\Box Sync\Food Waste Mapping\R_Stuff\ESRI_BA_Data\Estimated_Pnt_Location\New_FW_geog_1_29_21\SB1383_Exempt\all_ca_not_exempt.shp</linkage><protocol Sync="TRUE">Local Area Network</protocol></itemLocation><nativeExtBox><westBL Sync="TRUE">6285063.829161</westBL><eastBL Sync="TRUE">6657012.322539</eastBL><southBL Sync="TRUE">1715663.417185</southBL><northBL Sync="TRUE">2094819.746768</northBL><exTypeCode Sync="TRUE">1</exTypeCode></nativeExtBox></itemProps><coordRef><type Sync="TRUE">Projected</type><geogcsn Sync="TRUE">GCS_North_American_1983</geogcsn><csUnits Sync="TRUE">Linear Unit: Foot_US (0.304801)</csUnits><projcsn Sync="TRUE">Lambert_Conformal_Conic_2SP</projcsn><peXml Sync="TRUE">&lt;ProjectedCoordinateSystem xsi:type='typens:ProjectedCoordinateSystem' xmlns:xsi='http://www.w3.org/2001/XMLSchema-instance' xmlns:xs='http://www.w3.org/2001/XMLSchema' xmlns:typens='http://www.esri.com/schemas/ArcGIS/10.8'&gt;&lt;WKT&gt;PROJCS[&amp;quot;Lambert_Conformal_Conic_2SP&amp;quot;,GEOGCS[&amp;quot;GCS_North_American_1983&amp;quot;,DATUM[&amp;quot;D_North_American_1983&amp;quot;,SPHEROID[&amp;quot;GRS_1980&amp;quot;,6378137.0,298.257222101]],PRIMEM[&amp;quot;Greenwich&amp;quot;,0.0],UNIT[&amp;quot;Degree&amp;quot;,0.0174532925199433]],PROJECTION[&amp;quot;Lambert_Conformal_Conic&amp;quot;],PARAMETER[&amp;quot;false_easting&amp;quot;,6561666.666666667],PARAMETER[&amp;quot;false_northing&amp;quot;,1640416.666666667],PARAMETER[&amp;quot;central_meridian&amp;quot;,-118.0],PARAMETER[&amp;quot;standard_parallel_1&amp;quot;,34.0333333333333],PARAMETER[&amp;quot;standard_parallel_2&amp;quot;,35.4666666666667],PARAMETER[&amp;quot;latitude_of_origin&amp;quot;,33.5],UNIT[&amp;quot;Foot_US&amp;quot;,0.3048006096012192]]&lt;/WKT&gt;&lt;XOrigin&gt;-117608900&lt;/XOrigin&gt;&lt;YOrigin&gt;-91881400&lt;/YOrigin&gt;&lt;XYScale&gt;36269466.692146368&lt;/XYScale&gt;&lt;ZOrigin&gt;-100000&lt;/ZOrigin&gt;&lt;ZScale&gt;10000&lt;/ZScale&gt;&lt;MOrigin&gt;-100000&lt;/MOrigin&gt;&lt;MScale&gt;10000&lt;/MScale&gt;&lt;XYTolerance&gt;0.0032808333333333331&lt;/XYTolerance&gt;&lt;ZTolerance&gt;0.001&lt;/ZTolerance&gt;&lt;MTolerance&gt;0.001&lt;/MTolerance&gt;&lt;HighPrecision&gt;true&lt;/HighPrecision&gt;&lt;/ProjectedCoordinateSystem&gt;</peXml></coordRef><lineage><Process ToolSource="c:\program files (x86)\arcgis\desktop10.8\ArcToolbox\Toolboxes\Data Management Tools.tbx\Merge" Date="20210223" Time="100114" Name="" export="">Merge lost_all_ca;merged_all_ca2 "C:\Users\Lauren Mabe\Box Sync\Food Waste Mapping\R_Stuff\ESRI_BA_Data\Estimated_Pnt_Location\New_FW_geog_1_29_21\all_ca_plus_lost.shp" "inds "inds" true true false 254 Text 0 0 ,First,#,lost_all_ca,inds,-1,-1,merged_all_ca2,inds,-1,-1;GEOID2 "GEOID2" true true false 19 Double 0 0 ,First,#,lost_all_ca,GEOID2,-1,-1,merged_all_ca2,GEOID2,-1,-1;FW_gen "FW_gen" true true false 19 Double 0 0 ,First,#,lost_all_ca,FW_gen,-1,-1,merged_all_ca2,FW_gen,-1,-1;FW_dis "FW_dis" true true false 19 Double 0 0 ,First,#,lost_all_ca,FW_dis,-1,-1,merged_all_ca2,FW_dis,-1,-1;FW_rec "FW_rec" true true false 19 Double 0 0 ,First,#,lost_all_ca,FW_rec,-1,-1,merged_all_ca2,FW_rec,-1,-1;FW_org "FW_org" true true false 19 Double 0 0 ,First,#,lost_all_ca,FW_org,-1,-1,merged_all_ca2,FW_org,-1,-1;FW_od "FW_od" true true false 19 Double 0 0 ,First,#,lost_all_ca,FW_od,-1,-1,merged_all_ca2,FW_od,-1,-1;FW_emp "FW_emp" true true false 19 Double 0 0 ,First,#,lost_all_ca,FW_emp,-1,-1,merged_all_ca2,FW_emp,-1,-1"</Process></lineage><copyHistory><copy source="C:\Users\Lauren Mabe\Box Sync\Food Waste Mapping\R_Stuff\ESRI_BA_Data\Estimated_Pnt_Location\New_FW_geog_1_29_21\all_ca_not_exempt" dest="\\LAPTOP-D5JRUEN7\C$\Users\Lauren Mabe\Box Sync\Food Waste Mapping\R_Stuff\ESRI_BA_Data\Estimated_Pnt_Location\New_FW_geog_1_29_21\SB1383_Exempt\all_ca_not_exempt" date="20210524" time="16581300"/></copyHistory></DataProperties><SyncDate>20210524</SyncDate><SyncTime>17043000</SyncTime><ModDate>20210524</ModDate><ModTime>17052500</ModTime><scaleRange><minScale>150000000</minScale><maxScale>5000</maxScale></scaleRange><ArcGISProfile>ISO19139</ArcGISProfile></Esri><dataIdInfo><envirDesc Sync="TRUE"> Version 6.2 (Build 9200) ; Esri ArcGIS 10.8.1.14362</envirDesc><dataLang><languageCode value="eng" Sync="TRUE"/><countryCode value="USA" Sync="TRUE"/></dataLang><idCitation><resTitle Sync="TRUE">all_ca_not_exempt</resTitle><presForm><PresFormCd value="005" Sync="TRUE"/></presForm></idCitation><spatRpType><SpatRepTypCd value="001" Sync="TRUE"/></spatRpType><dataExt><geoEle xmlns=""><GeoBndBox esriExtentType="search"><exTypeCode Sync="TRUE">1</exTypeCode><westBL Sync="TRUE">-118.920784</westBL><eastBL Sync="TRUE">-117.682596</eastBL><northBL Sync="TRUE">34.748615</northBL><southBL Sync="TRUE">33.703319</southBL></GeoBndBox></geoEle></dataExt><idAbs>&lt;DIV STYLE="text-align:Left;"&gt;&lt;DIV&gt;&lt;P&gt;&lt;SPAN&gt;This point dataset is the point dataset used in the FW mapping papers. It is the points that are NOT exempt from SB1383 based on these two rules "population less than 75 people per sq mile AND in unicorporated area"&lt;/SPAN&gt;&lt;/P&gt;&lt;/DIV&gt;&lt;/DIV&gt;</idAbs></dataIdInfo><mdLang><languageCode value="eng" Sync="TRUE"/><countryCode value="USA" Sync="TRUE"/></mdLang><mdChar><CharSetCd value="004" Sync="TRUE"/></mdChar><distInfo><distFormat><formatName Sync="TRUE">Shapefile</formatName></distFormat><distTranOps><transSize Sync="TRUE">7.268</transSize></distTranOps></distInfo><mdHrLv><ScopeCd value="005" Sync="TRUE"/></mdHrLv><mdHrLvName Sync="TRUE">dataset</mdHrLvName><refSysInfo><RefSystem><refSysID><identCode code="0" Sync="TRUE"/></refSysID></RefSystem></refSysInfo><spatRepInfo><VectSpatRep><geometObjs Name="all_ca_not_exempt"><geoObjTyp><GeoObjTypCd value="004" Sync="TRUE"/></geoObjTyp><geoObjCnt Sync="TRUE">272177</geoObjCnt></geometObjs><topLvl><TopoLevCd value="001" Sync="TRUE"/></topLvl></VectSpatRep></spatRepInfo><spdoinfo><ptvctinf><esriterm Name="all_ca_not_exempt"><efeatyp Sync="TRUE">Simple</efeatyp><efeageom code="1" Sync="TRUE"/><esritopo Sync="TRUE">FALSE</esritopo><efeacnt Sync="TRUE">272177</efeacnt><spindex Sync="TRUE">TRUE</spindex><linrefer Sync="TRUE">FALSE</linrefer></esriterm></ptvctinf></spdoinfo><eainfo><detailed Name="all_ca_not_exempt"><enttyp><enttypl Sync="TRUE">all_ca_not_exempt</enttypl><enttypt Sync="TRUE">Feature Class</enttypt><enttypc Sync="TRUE">272177</enttypc></enttyp><attr><attrlabl Sync="TRUE">FID</attrlabl><attalias Sync="TRUE">FID</attalias><attrtype Sync="TRUE">OID</attrtype><attwidth Sync="TRUE">4</attwidth><atprecis Sync="TRUE">0</atprecis><attscale Sync="TRUE">0</attscale><attrdef Sync="TRUE">Internal feature number.</attrdef><attrdefs Sync="TRUE">Esri</attrdefs><attrdomv><udom Sync="TRUE">Sequential unique whole numbers that are automatically generated.</udom></attrdomv></attr><attr><attrlabl Sync="TRUE">Shape</attrlabl><attalias Sync="TRUE">Shape</attalias><attrtype Sync="TRUE">Geometry</attrtype><attwidth Sync="TRUE">0</attwidth><atprecis Sync="TRUE">0</atprecis><attscale Sync="TRUE">0</attscale><attrdef Sync="TRUE">Feature geometry.</attrdef><attrdefs Sync="TRUE">Esri</attrdefs><attrdomv><udom Sync="TRUE">Coordinates defining the features.</udom></attrdomv></attr><attr><attrlabl Sync="TRUE">inds</attrlabl><attalias Sync="TRUE">inds</attalias><attrtype Sync="TRUE">String</attrtype><attwidth Sync="TRUE">254</attwidth><atprecis Sync="TRUE">0</atprecis><attscale Sync="TRUE">0</attscale></attr><attr><attrlabl Sync="TRUE">GEOID2</attrlabl><attalias Sync="TRUE">GEOID2</attalias><attrtype Sync="TRUE">Double</attrtype><attwidth Sync="TRUE">19</attwidth><atprecis Sync="TRUE">0</atprecis><attscale Sync="TRUE">0</attscale></attr><attr><attrlabl Sync="TRUE">FW_gen</attrlabl><attalias Sync="TRUE">FW_gen</attalias><attrtype Sync="TRUE">Double</attrtype><attwidth Sync="TRUE">19</attwidth><atprecis Sync="TRUE">0</atprecis><attscale Sync="TRUE">0</attscale></attr><attr><attrlabl Sync="TRUE">FW_dis</attrlabl><attalias Sync="TRUE">FW_dis</attalias><attrtype Sync="TRUE">Double</attrtype><attwidth Sync="TRUE">19</attwidth><atprecis Sync="TRUE">0</atprecis><attscale Sync="TRUE">0</attscale></attr><attr><attrlabl Sync="TRUE">FW_rec</attrlabl><attalias Sync="TRUE">FW_rec</attalias><attrtype Sync="TRUE">Double</attrtype><attwidth Sync="TRUE">19</attwidth><atprecis Sync="TRUE">0</atprecis><attscale Sync="TRUE">0</attscale></attr><attr><attrlabl Sync="TRUE">FW_org</attrlabl><attalias Sync="TRUE">FW_org</attalias><attrtype Sync="TRUE">Double</attrtype><attwidth Sync="TRUE">19</attwidth><atprecis Sync="TRUE">0</atprecis><attscale Sync="TRUE">0</attscale></attr><attr><attrlabl Sync="TRUE">FW_od</attrlabl><attalias Sync="TRUE">FW_od</attalias><attrtype Sync="TRUE">Double</attrtype><attwidth Sync="TRUE">19</attwidth><atprecis Sync="TRUE">0</atprecis><attscale Sync="TRUE">0</attscale></attr><attr><attrlabl Sync="TRUE">FW_emp</attrlabl><attalias Sync="TRUE">FW_emp</attalias><attrtype Sync="TRUE">Double</attrtype><attwidth Sync="TRUE">19</attwidth><atprecis Sync="TRUE">0</atprecis><attscale Sync="TRUE">0</attscale></attr></detailed></eainfo><mdDateSt Sync="TRUE">20210524</mdDateSt></metadata>
